row_id,end_apnea
20250709_114715,2025-07-09 11:47:15
20250709_115410,2025-07-09 11:54:10
20250718_091707,2025-07-18 09:17:07
20250718_092424,2025-07-18 09:24:24
20250718_093150,2025-07-18 09:31:50
20250718_094040,2025-07-18 09:40:40
20250718_094813,2025-07-18 09:48:13
20250719_004228,2025-07-19 00:42:28
20250719_005131,2025-07-19 00:51:31
20250719_010111,2025-07-19 01:01:11
20250719_011036,2025-07-19 01:10:36
20250719_011959,2025-07-19 01:19:59
20250719_091831,2025-07-19 09:18:31
20250719_092821,2025-07-19 09:28:21
20250719_093815,2025-07-19 09:38:15
20250719_094810,2025-07-19 09:48:10
20250722_010016,2025-07-22 01:00:16
20250722_011011,2025-07-22 01:10:11
20250722_012003,2025-07-22 01:20:03
20250722_152518,2025-07-22 15:25:18
20250722_153440,2025-07-22 15:34:40
20250722_154422,2025-07-22 15:44:22
20250722_155452,2025-07-22 15:54:52
20250723_095404,2025-07-23 09:54:04
20250723_100416,2025-07-23 10:04:16
20250723_101357,2025-07-23 10:13:57
20250723_102335,2025-07-23 10:23:35
20250723_103354,2025-07-23 10:33:54
20250724_120031,2025-07-24 12:00:31
20250724_120930,2025-07-24 12:09:30
20250724_121946,2025-07-24 12:19:46
20250724_123111,2025-07-24 12:31:11
20250724_124007,2025-07-24 12:40:07
20250726_090316,2025-07-26 09:03:16
20250726_091418,2025-07-26 09:14:18
20250726_092332,2025-07-26 09:23:32
20250726_093347,2025-07-26 09:33:47
20250726_094603,2025-07-26 09:46:03
20250726_095654,2025-07-26 09:56:54
20250728_090854,2025-07-28 09:08:54
20250728_091827,2025-07-28 09:18:27
20250728_092647,2025-07-28 09:26:47
20250728_093622,2025-07-28 09:36:22
20250728_094543,2025-07-28 09:45:43
20250728_095656,2025-07-28 09:56:56
20250730_173608,2025-07-30 17:36:08
20250730_174548,2025-07-30 17:45:48
20250730_175342,2025-07-30 17:53:42
20250730_180301,2025-07-30 18:03:01
20250730_181314,2025-07-30 18:13:14
20250730_182208,2025-07-30 18:22:08
20250731_170146,2025-07-31 17:01:46
20250731_171059,2025-07-31 17:10:59
20250731_172018,2025-07-31 17:20:18
20250731_173006,2025-07-31 17:30:06
20250731_173959,2025-07-31 17:39:59
20250731_175518,2025-07-31 17:55:18
20250731_180447,2025-07-31 18:04:47
20250801_094854,2025-08-01 09:48:54
20250801_095851,2025-08-01 09:58:51
20250801_100756,2025-08-01 10:07:56
20250801_101751,2025-08-01 10:17:51
20250801_103044,2025-08-01 10:30:44
20250801_103947,2025-08-01 10:39:47
20250801_105139,2025-08-01 10:51:39
20250804_063649,2025-08-04 06:36:49
20250804_064551,2025-08-04 06:45:51
20250804_065455,2025-08-04 06:54:55
20250804_070335,2025-08-04 07:03:35
20250804_071222,2025-08-04 07:12:22
20250804_072315,2025-08-04 07:23:15
20250804_073224,2025-08-04 07:32:24
20250806_140555,2025-08-06 14:05:55
20250806_141351,2025-08-06 14:13:51
20250806_142240,2025-08-06 14:22:40
20250806_143514,2025-08-06 14:35:14
20250806_144342,2025-08-06 14:43:42
20250806_145541,2025-08-06 14:55:41
20250809_090214,2025-08-09 09:02:14
20250809_091123,2025-08-09 09:11:23
20250809_092227,2025-08-09 09:22:27
20250809_093444,2025-08-09 09:34:44
20250809_094421,2025-08-09 09:44:21
20250809_095403,2025-08-09 09:54:03
20250812_004002,2025-08-12 00:40:02
20250812_004901,2025-08-12 00:49:01
20250812_005830,2025-08-12 00:58:30
20250812_010715,2025-08-12 01:07:15
20250812_011617,2025-08-12 01:16:17
20250812_084618,2025-08-12 08:46:18
20250812_085836,2025-08-12 08:58:36
20250812_090914,2025-08-12 09:09:14
20250812_091931,2025-08-12 09:19:31
20250812_093223,2025-08-12 09:32:23
20250812_094232,2025-08-12 09:42:32
20250812_095253,2025-08-12 09:52:53
20250815_112351,2025-08-15 11:23:51
20250815_113525,2025-08-15 11:35:25
20250815_114505,2025-08-15 11:45:05
20250815_115549,2025-08-15 11:55:49
20250815_120436,2025-08-15 12:04:36
20250815_121403,2025-08-15 12:14:03
20250815_122413,2025-08-15 12:24:13
20250815_123819,2025-08-15 12:38:19
20250817_003123,2025-08-17 00:31:23
20250817_004033,2025-08-17 00:40:33
20250817_084755,2025-08-17 08:47:55
20250817_085839,2025-08-17 08:58:39
20250817_090946,2025-08-17 09:09:46
20250817_091945,2025-08-17 09:19:45
20250817_093121,2025-08-17 09:31:21
20250817_094206,2025-08-17 09:42:06
20250817_095842,2025-08-17 09:58:42
20250817_100907,2025-08-17 10:09:07
20250818_094432,2025-08-18 09:44:32
20250818_095823,2025-08-18 09:58:23
20250818_101005,2025-08-18 10:10:05
20250818_102523,2025-08-18 10:25:23
20250818_103805,2025-08-18 10:38:05
20250818_110406,2025-08-18 11:04:06
20250818_111752,2025-08-18 11:17:52
